city,practice_name,address,phone,email
Amsterdam,"Asterweg Medisch Centrum Noord, Huisartsen",Asterweg 6 1031 HN Amsterdam,020-3081777,
Amsterdam,BoLo Gezond,Bos en Lommerweg 189 1055 DT Amsterdam,020-6868696,
Amsterdam,Caland Huisartsen,Pieter Calandlaan 101 1065 KK Amsterdam,020-6154545,
Amsterdam,"David de Boer, huisarts",Balthasar Floriszstraat 23 1071 VA Amsterdam,020-4706067,
Amsterdam,De Waterhoek Huisartsen,Pieter Calandlaan 260 1060 TS Amsterdam,020-6191146,
Amsterdam,DokterZuid,Stadionweg 37 1077 RW Amsterdam,020-6795252,
Amsterdam,Essink  en de Kool Huisartsen Bankwerkerij,Bankwerkerij 89 1021 NT Amsterdam,020-6360043,
Amsterdam,"Expat Medical Centre, Huisarts",Bloemgracht 112 1015 TN Amsterdam,020-4275011,
Amsterdam,Gezondheidscentrum Amstelkwartier,Amstelbeststraat 56-58 1096 GD Amsterdam,020-3081238,
Amsterdam,"Gezondheidscentrum Buiksloterham, Huisartsen",Distelweg 437 1031 HD Amsterdam,020-3081234,
Amsterdam,"Gezondheidscentrum Gein, Huisartsen",Wisseloordplein 50 1106 MH Amsterdam,088-2992020,
Amsterdam,"Gezondheidscentrum Holendrecht, Huisartsen",Niftrikhof 20 1106 SB Amsterdam,088-2992040,
Amsterdam,"Gezondheidscentrum Klein Gooioord, Huisartsen",Bijlmerdreef 1001 A 1103 TW Amsterdam,088-2992030,
Amsterdam,"Gezondheidscentrum Nellestein, Huisartsen",Liendenhof 114 1108 HE Amsterdam,088-2992050,
Amsterdam,Gezondheidscentrum Oostpoort,Polderweg 192 1093 KP Amsterdam,020-4352100,
Amsterdam,"Gezondheidscentrum Reigersbos, Huisartsen",Schonerwoerdstraat 7 1107 GA Amsterdam,088-2992060,
Amsterdam,"Gezondheidscentrum Sportheldenbuurt, Huisartsenpraktijk",Eef Kamerbeekstraat 503 1095 MP Amsterdam,020-6676690,
Amsterdam,"Gezondheidscentrum Venserpolder, Huisartsen",Drostenburg 5 A 1102 AM Amsterdam,088-2992070,
Amsterdam,Hendriks en Tempelman huisartsenpraktijk,Spanderswoudstraat 94 1024 LE Amsterdam,020-6363922,
Amsterdam,Heros Huisartsen,Osdorpplein 582 A 1068 TB Amsterdam,020-6671151,
Amsterdam,Hondsrugpark Gezond - Huisartsen,Hullenbergweg 250 1101 BV Amsterdam,088-2992090,
Amsterdam,Huisartenpraktijk Oostenburg,VOC-kade 600 1018 LG Amsterdam,020-8088008,
Amsterdam,Huisarts Amsterdam Oost,Vrolikstraat 191 E 1091 TW Amsterdam,020-6653273,
Amsterdam,Huisarts Gaffar,Arenpalmstraat 1 1104 DB Amsterdam,020-6005272,
Amsterdam,Huisarts Integraal,Willemsstraat 124 1015 JE Amsterdam,020-4207755,
Amsterdam,Huisarts aan de Herengracht,Herengracht 278 B 1016 BX Amsterdam,020-5247070,
Amsterdam,Huisarts aan het Park,Ekingenstraat 23 1069 DA Amsterdam,020-6191815,
Amsterdam,"Huisartsen Bankwerkerij, Praktijk Mennink &amp; ter Horst",Bankwerkerij 89 1021 NT Amsterdam,020-6360367,
Amsterdam,Huisartsen Ganzenhoef,Bijlmerdreef 1071 1103 TT Amsterdam,020-2352121,
Amsterdam,Huisartsen Gaymans &amp; Hylkema,Dufaystraat 19 1075 GS Amsterdam,020-6730510,
Amsterdam,Huisartsen Heemstedestraat,Heemstedestraat 46 HS 1058 NN Amsterdam,020-6152537,
Amsterdam,Huisartsen Marktkwartier,Jan van Galenstraat 76 H 1056 CC Amsterdam,020-6847314,
Amsterdam,Huisartsen om de Hoek,Bremstraat 5 1031 EK Amsterdam,020-6360630,
Amsterdam,Huisartsen Sarphatipark,Sarphatipark 28 1072 PB Amsterdam,020-6629371,
Amsterdam,Huisartsen Scheldestraat,Scheldestraat 27 1078 GE Amsterdam,020-6462600,
Amsterdam,Huisartsen Sloterdijk,Radarweg 250 1043 NV Amsterdam,020-2090239,
Amsterdam,"Huisartsen Tuindorp-Nieuwendam, De Haas, Ras &amp; Zwarts",Avenhornstraat 41 1023 TR Amsterdam,020-6374747,
Amsterdam,"Huisartsen Tuindorp-Nieuwendam, Jongen en Bartelsman",Avenhornstraat 41 1023 TR Amsterdam,020-6360694,
Amsterdam,Huisartsen Valeriusplein,Valeriusplein 40 Hs 1075 BJ Amsterdam,020-6621888,
Amsterdam,Huisartsen Van Baerle,Van Baerlestraat 57 sous 1071 AR Amsterdam,020-6627125,
Amsterdam,Huisartsen Vrolikstraat,Vrolikstraat 191 E 1091 TW Amsterdam,020-6938577,
Amsterdam,Huisartsen Westerpark,De Wittenkade 59 1052 AD Amsterdam,020-6843679,
Amsterdam,Huisartsencentrum Pniël,Bos en Lommerweg 189 1055 DT Amsterdam,020-6868696,
Amsterdam,huisartsenpraktijk A.F.Sluis,Tweede Oosterparkstraat 274 D 1092 BV Amsterdam,020-6650927,
Amsterdam,Huisartsenpraktijk A.R. Robbers,Singel 108 1015 AD Amsterdam,020-6262642,
Amsterdam,Huisartsenpraktijk A&#039;dam Doctors,Spuistraat 239 C 1012 VP Amsterdam,020-8100100,
Amsterdam,Huisartsenpraktijk Admiralengracht,Admiralengracht 110 1057 GE Amsterdam,020-6167457,
Amsterdam,Huisartsenpraktijk Alhoda,Ottho Heldringstraat 17 B 1066 XT Amsterdam,020-3880270,
Amsterdam,Huisartsenpraktijk Amsteldijk,Amsteldijk 154 1079 LG Amsterdam,020-6448400,
Amsterdam,Huisartsenpraktijk Amsteldorp,Middelhoffstraat 4 1097 NK Amsterdam,020-6657563,
Amsterdam,Huisartsenpraktijk Amstelkade,Amstelkade 156 1078 AW Amsterdam,020-6629845,
Amsterdam,Huisartsenpraktijk Amstelveld,Prinsengracht 762 1017 LD Amsterdam,020-6227881,
Amsterdam,Huisartsenpraktijk Amsterdam Noord,Beverwijkstraat 9 C 1024 VR Amsterdam,020-4940229,
Amsterdam,Huisartsenpraktijk Amsterdam west,Nolensstraat 358 D 1067 KP Amsterdam,020-4489560,
Amsterdam,Huisartsenpraktijk Antarus,Meteorensingel 35 1033 CB Amsterdam,020-6315280,
Amsterdam,Huisartsenpraktijk Avecinna,Bijlmerdreef 1008 1103 JT Amsterdam,020- 2105555,
Amsterdam,Huisartsenpraktijk Averroes,Confuciusplein 95 1064 LG Amsterdam,020-6130099,
Amsterdam,Huisartsenpraktijk Bellamyplein,Bellamyplein 2 1053 AS Amsterdam,020-6182131,
Amsterdam,Huisartsenpraktijk Besara aan &#039;t IJ,Motorwal 280 1021 PH Amsterdam,020-6360139,
Amsterdam,Huisartsenpraktijk Betondorp,Brinkstraat 84 1097 VP Amsterdam,020-6652862,
Amsterdam,Huisartsenpraktijk Bloemgracht,Lijnbaansgracht 99 1015 GZ Amsterdam,020-6236182,
Amsterdam,Huisartsenpraktijk Bonaire,Bonairestraat 1 1058 XC Amsterdam,020-6183828,
Amsterdam,Huisartsenpraktijk Bos en Lommer,Bos en Lommerplein 73 B 1055 AD Amsterdam,020-6847706,
Amsterdam,Huisartsenpraktijk Boven Oost,Tweede Oosterparkstraat 274 P 1092 BV Amsterdam,020-6650221,
Amsterdam,Huisartsenpraktijk Buikslotermeer,Loenermark 777 A 1025 VM Amsterdam,020-4945030,
Amsterdam,Huisartsenpraktijk Busser en Leeuw,Nolensstraat 358 C 1067 KP Amsterdam,020-4489510,
Amsterdam,Huisartsenpraktijk Camper,Camperstraat 1 1091 AD Amsterdam,020-6650605,
Amsterdam,Huisartsenpraktijk Central Doctors,De Ruijterkade 24 A 1012 AA Amsterdam,06-27235380,
Amsterdam,"Huisartsenpraktijk Confucius, Praktijk Courant",Confuciusplein 37 1064 LG Amsterdam,020-6130110,
Amsterdam,"Huisartsenpraktijk Confucius, Praktijk Elsas / Hoekstra",Confuciusplein 37 1064 LG Amsterdam,020-6130083,
Amsterdam,Huisartsenpraktijk D. Valckenier,Nieuwe Achtergracht 100 1018 WT Amsterdam,020-5559427,
Amsterdam,Huisartsenpraktijk D.E. Mulder,Slotermeerlaan 105 F 1063 JN Amsterdam,020-6131717,
Amsterdam,Huisartsenpraktijk Dapperbuurt,Wagenaarstraat 437 1093 CN Amsterdam,020-6651411,
Amsterdam,Huisartsenpraktijk de Admiraal,Admiraal De Ruijterweg 215 A 1056 GH Amsterdam,020-6121412,
Amsterdam,Huisartsenpraktijk de Buitenhof,Eerste Oosterparkstraat 279 1091 HA Amsterdam,020-5994555,
Amsterdam,"Huisartsenpraktijk De Grote Rivieren, Praktijk Touber / Haeck",Maasstraat 167 1079 BG Amsterdam,020-5400188,
Amsterdam,"Huisartsenpraktijk De Grote Rivieren, Praktijk W.B. van Duijn",Maasstraat 167 1079 BG Amsterdam,020-5400188,
Amsterdam,Huisartsenpraktijk de Hoed,Admiraal de Ruijterweg 134 1056 GT Amsterdam,020-6183878,
Amsterdam,Huisartsenpraktijk De Kadoelerbreek,Banne Buikslootlaan 133 1034 AC Amsterdam,020-6333312,
Amsterdam,Huisartsenpraktijk De Lairesse,De Lairessestraat 42 1071 PB Amsterdam,020-6182560,
Amsterdam,Huisartsenpraktijk de Makroon,Nieuwe Passeerdersstraat 8 1016 XP Amsterdam,020-2373650,
Amsterdam,Huisartsenpraktijk De Plantage,Plantage Middenlaan 70 1018 DH Amsterdam,020-6224748,
Amsterdam,Huisartsenpraktijk de Wetering,Derde Weteringdwarsstraat 6 1017 TC Amsterdam,020-3446393,
Amsterdam,Huisartsenpraktijk de Witte Kaap,F Dietrich Kahlenbergstr 262 1087 LL Amsterdam,020-3085880,
Amsterdam,Huisartsenpraktijk de Zomerlinde,Korte Lepelstraat 91 H 1018 ZA Amsterdam,06-34140883,
Amsterdam,Huisartsenpraktijk Delflandplein,Rijswijkstraat 10 1062 EE Amsterdam,020-6150737,
Amsterdam,huisartsenpraktijk doccs Amsterdam Amstel III,Posbankpad 2 1105 AV Amsterdam,020-2184456,
Amsterdam,Huisartsenpraktijk doccs Amsterdam Slotervaart,Louwesweg 6 1066 EC Amsterdam,020-2184455,
Amsterdam,Huisartsenpraktijk Drijber &amp; Sol,Kuipersstraat 151 A 1073 ER Amsterdam,020-6645537,
Amsterdam,Huisartsenpraktijk Duindoornplein,Duindoornplein 27 1032 CL Amsterdam,020-6360650,
Amsterdam,Huisartsenpraktijk Daalwijk,Daalwijk 14 1102 AA Amsterdam,020-3620683,
Amsterdam,Huisartsenpraktijk E. Bajramova,Pieter Calandlaan 101 1065 KK Amsterdam,020-6152999,
Amsterdam,Huisartsenpraktijk Elzenhagen,Loenermark 162-164 1025 SP Amsterdam,020-2273122,
Amsterdam,Huisartsenpraktijk F.H. Hartmann,Dufaystraat 19 1075 GS Amsterdam,020-6737501,
Amsterdam,Huisartsenpraktijk Fijnhout,Lootsstraat 35 1053 NV Amsterdam,020-6187687,
Amsterdam,Huisartsenpraktijk Frankendael,James Wattstraat 68 H 1097 DM Amsterdam,020-4650924,
Amsterdam,Huisartsenpraktijk Frans Halsstraat,Frans Halsstraat 60 1072 BT Amsterdam,020-6739091,
Amsterdam,Huisartsenpraktijk Franssen - Wijsmuller,Kuipersstraat 151 A 1073 ER Amsterdam,020-6713389,
Amsterdam,Huisartsenpraktijk Gilani &amp; Slooter,Burgemeester de Vlugtlaan 115 1063 BJ Amsterdam,020-6131141,
Amsterdam,Huisartsenpraktijk Goede,Tweede Oosterparkstraat 274 N 1092 BV Amsterdam,020-6655785,
Amsterdam,Huisartsenpraktijk Günther,Parnassusweg 207 1077 DG Amsterdam,020-6798306,
Amsterdam,Huisartsenpraktijk Hauser &amp; Aalders,Overtoom 174 1054 HR Amsterdam,020-6182056,
Amsterdam,Huisartsenpraktijk Heijnen,Koestraat 5 A 1012 BW Amsterdam,020-6227471,
Amsterdam,Huisartsenpraktijk Heimansweg,Heimansweg 21 1031 TX Amsterdam,020-6360101,
Amsterdam,Huisartsenpraktijk Herengracht,Herengracht 160-162 1016 BN Amsterdam,020-6237996,
Amsterdam,Huisartsenpraktijk Heun,Bijlmerdreef 657 1102 RP Amsterdam,020-6912361,
Amsterdam,Huisartsenpraktijk Hezemans,Lijnbaansgracht 99 1015 GZ Amsterdam,020-6230841,
Amsterdam,Huisartsenpraktijk Hogeweg,Hogeweg 50 1098 CE Amsterdam,020-6653893,
Amsterdam,Huisartsenpraktijk Holtrop en Westermann,&#039;s-Gravesandeplein 19 1091 BB Amsterdam,020-4626672,
Amsterdam,Huisartsenpraktijk Hoofdweg 366,Hoofdweg 366 H 1056 DD Amsterdam,020-6183207,
Amsterdam,Huisartsenpraktijk Hygieaplein,Hygieaplein 44 Hs 1076 RW Amsterdam,020-4709799,
Amsterdam,Huisartsenpraktijk Haarlemmerpoort,Van Limburg Stirumstraat 20 A 1051 BB Amsterdam,020-6840133,
Amsterdam,Huisartsenpraktijk IJburg,Erich Salomonstraat 326 1087 GZ Amsterdam,020-7608959,
Amsterdam,Huisartsenpraktijk Jan Toorop,Marius Bauerstraat 233 C 1062 AK Amsterdam,020-6134616,
Amsterdam,Huisartsenpraktijk Jiawan,Insulindeweg 52 1094 PM Amsterdam,020-6651179,
Amsterdam,Huisartsenpraktijk Kalkmarkt,Kalkmarkt 8 1011 BD Amsterdam,020-6244600,
Amsterdam,Huisartsenpraktijk Kappeyne van de Coppello,Frederik Hendrikstraat 47 1052 HK Amsterdam,020-6845850,
Amsterdam,Huisartsenpraktijk Kastelenbuurt,Brittenburg 1 1082 BS Amsterdam,020-6420222,
Amsterdam,Huisartsenpraktijk Kelling en van der Cingel,Weteringschans 72 1017 XR Amsterdam,020-6387057,
Amsterdam,Huisartsenpraktijk Kerster,Bijlmerdreef 695 1102 RR Amsterdam,020-6990268,
Amsterdam,Huisartsenpraktijk Kruizinga en van Rooij,Berlaarstraat 201 1066 PL Amsterdam,020-6697444,
Amsterdam,Huisartsenpraktijk Kraaiennest,Kraaiennest 69 1104 CE Amsterdam,020-7507253,
Amsterdam,Huisartsenpraktijk Kwakersplein,Kwakersplein 10 1053 TZ Amsterdam,020-6187071,
Amsterdam,Huisartsenpraktijk Louwesweg,Louwesweg 6 1066 EC Amsterdam,020-6151564,
Amsterdam,Huisartsenpraktijk Lutmastraat,Lutmastraat 45 1072 JP Amsterdam,020-6790044,
Amsterdam,Huisartsenpraktijk MC Gelderlandplein,Arent Janszoon Ernststraat 599 1082 LD Amsterdam,020-6421909,
Amsterdam,Huisartsenpraktijk Meteorensingel,Meteorensingel 33 1033 CB Amsterdam,020-6310067,
Amsterdam,Huisartsenpraktijk Molenwijk,Molenwijk 18 1035 EG Amsterdam,020-6311156,
Amsterdam,Huisartsenpraktijk Nicolaas Witsenkade 13,Nicolaas Witsenkade 13 1017 ZR Amsterdam,020-6236614,
Amsterdam,Huisartsenpraktijk Nieuw West,Jan Tooropstraat 483 1061 AE Amsterdam,020-4110008,
Amsterdam,Huisartsenpraktijk Nijpels en Van Drooge,Mr. P.N. Arntzeniusweg 88 1098 GS Amsterdam,020-6658895,
Amsterdam,Huisartsenpraktijk Ookmeer,Notweg 30 A 1068 LL Amsterdam,020-6191811,
Amsterdam,Huisartsenpraktijk Oranje Nassaulaan,Oranje Nassaulaan 51 1075 AK Amsterdam,020-6621616,
Amsterdam,"Huisartsenpraktijk Oranje Nassaulaan, Praktijk H.W. van der Neut",Oranje Nassaulaan 51 1075 AK Amsterdam,020-6621616,
Amsterdam,Huisartsenpraktijk Orion,Orionplantsoen 1 A 1033 VG Amsterdam,020-6315351,
Amsterdam,Huisartsenpraktijk Oudemans,Sint Antoniesbreestraat 32 1011 HB Amsterdam,020-6246804,
Amsterdam,Huisartsenpraktijk P.M. Grannetia,Dufaystraat 19 1075 GS Amsterdam,020-6753701,
Amsterdam,Huisartsenpraktijk Parkplantsoen,Revaleiland 74 1014 ZG Amsterdam,020-6865486,
Amsterdam,Huisartsenpraktijk Plein 40-45,Slotermeerlaan 105 G 1063 JN Amsterdam,020-6130044,
Amsterdam,Huisartsenpraktijk Pos - E.A.B. Pos en I. Hovinga,Sam van Houtenstraat 1 C 1067 JA Amsterdam,020-4470087,
Amsterdam,Huisartsenpraktijk Postjesweg,Postjesweg 31 1057 DV Amsterdam,020-6188636,
Amsterdam,Huisartsenpraktijk R.A.J. Zwiers,Binnen Oranjestraat 12 1013 JA Amsterdam,020-3200281,
Amsterdam,Huisartsenpraktijk R.M. Foppen,Hoofdweg 307-309 HS 1057 CZ Amsterdam,020-6182004,
Amsterdam,Huisartsenpraktijk R.T.N. Oud,Merwedeplein 52 1078 NG Amsterdam,020-6642197,
Amsterdam,Huisartsenpraktijk Reguliersgracht,Reguliersgracht 78 C 1017 LV Amsterdam,020-3449247,
Amsterdam,Huisartsenpraktijk Rivierenbuurt,Waalstraat 58 1078 BX Amsterdam,020-6628636,
Amsterdam,Huisartsenpraktijk Rivierstaete,Trompenburgstraat 4 A 1079 TX Amsterdam,020-7235600,
Amsterdam,Huisartsenpraktijk Roelofsen,Insulindeweg 476 1094 MH Amsterdam,06-14656715,
Amsterdam,Huisartsenpraktijk Roest,Frederik Hendrikstraat 47 1052 HK Amsterdam,020-6840823,
Amsterdam,Huisartsenpraktijk Rustenburg,Rustenburgerstraat 144 D 1073 GJ Amsterdam,020-6790109,
Amsterdam,Huisartsenpraktijk S.M. Oei,Pieter Calandlaan 339 1068 NH Amsterdam,020-6194100,
Amsterdam,Huisartsenpraktijk S.M. Terborg,Dufaystraat 19 1075 GS Amsterdam,020-6737501,
Amsterdam,Huisartsenpraktijk Schellingwoude (Amsterdam-Noord),Schellingwouderdijk 240 1023 NL Amsterdam,020-4904231,
Amsterdam,Huisartsenpraktijk Schinkelkade,Schinkelkade 18 1075 VG Amsterdam,020-6730821,
Amsterdam,Huisartsenpraktijk Schoorlemmer,Hoogoord 234 1102 CM Amsterdam,020-6960487,
Amsterdam,Huisartsenpraktijk Schulte Amsterdam,Nicolaas Maesstraat 43 H 1071 PN Amsterdam,020-6710054,
Amsterdam,Huisartsenpraktijk Slotervaart,Marius Bauerstraat 233 C 1062 AK Amsterdam,020-6155926,
Amsterdam,Huisartsenpraktijk Spaarndammerbuurt,Spaarndammerstraat 73 H 1013 TB Amsterdam,020-6828996,
Amsterdam,Huisartsenpraktijk Sumatra,Sumatrastraat 84 1094 NJ Amsterdam,,
Amsterdam,Huisartsenpraktijk Swart,Pascalstraat 10 Hs 1098 PB Amsterdam,020-4631040,
Amsterdam,Huisartsenpraktijk Swart en Pennings,Palembangstraat 52 1094 TK Amsterdam,020-6655455,
Amsterdam,Huisartsenpraktijk Tabak,Tweede Oosterparkstraat 274 E 1092 BV Amsterdam,020-6923553,
Amsterdam,Huisartsenpraktijk ten Hove en de Jong,Tweede Oosterparkstraat 274 F 1092 BV Amsterdam,020-6650285,
Amsterdam,Huisartsenpraktijk Trompenburg,Trompenburgstraat 115 1079 TV Amsterdam,020-4421202,
Amsterdam,Huisartsenpraktijk Tussenmeer,Tussen Meer 86 1069 DS Amsterdam,020-3670088,
Amsterdam,Huisartsenpraktijk Ubbens en Statius Muller,Kuipersstraat 151 A 1073 ER Amsterdam,020-6795762,
Amsterdam,Huisartsenpraktijk Umans-Mohan,S.F. van Oss-straat 52 1068 JL Amsterdam,020-6192525,
Amsterdam,Huisartsenpraktijk van Deutekom en Olthof,Dufaystraat 19 1075 GS Amsterdam,020-6129898,
Amsterdam,Huisartsenpraktijk van Eijkeren en van Heusden,Jacob van Lennepkade 7 1054 ZD Amsterdam,020-6182508,
Amsterdam,Huisartsenpraktijk Van Heerde,De Tourton Bruynsstraat 9 1063 XL Amsterdam,020-6131237,
Amsterdam,Huisartsenpraktijk Van Lennep en Meiland,Overtoom 174 1054 HR Amsterdam,020-6181204,
Amsterdam,Huisartsenpraktijk Van Londen en Van Moppes,&#039;s-Gravesandeplein 19 1091 BB Amsterdam,020-4626670,
Amsterdam,Huisartsenpraktijk van Urk,Laagte Kadijk 146 1018 ZD Amsterdam,020-6208074,
Amsterdam,Huisartsenpraktijk Vergeer &amp; De Koning,Hoofdweg 176 Hs 1057 DC Amsterdam,020-3034750,
Amsterdam,Huisartsenpraktijk Vrijheidslaan Amsterdam,Vrijheidslaan 24 Hs 1078 PK Amsterdam,020-6627967,
Amsterdam,Huisartsenpraktijk Vrolijk en De Vries,Gerard Terborgstraat 46 1071 TP Amsterdam,06-22460399,
Amsterdam,Huisartsenpraktijk W. Flapper,Sam van Houtenstraat 1 B 1067 JA Amsterdam,020-6131030,
Amsterdam,Huisartsenpraktijk Watergraafsmeer,Newtonstraat 44 1098 HE Amsterdam,020-6653166,
Amsterdam,"Huisartsenpraktijk Westerdokters, Locatie Korte Lepelstraat 91",Korte Lepelstraat 91 1018 ZA Amsterdam,020-2184190,
Amsterdam,"Huisartsenpraktijk Westerdokters, Locatie Silodam 232",Silodam 232 1013 AS Amsterdam,020-2184190,
Amsterdam,"Huisartsenpraktijk Westerdokters, Locatie Westerdok 720",Westerdok 720 1013 BV Amsterdam,020-2184190,
Amsterdam,Huisartsenpraktijk Westertoren,Westermarkt 2 1016 DK Amsterdam,020-4509919,
Amsterdam,Huisartsenpraktijk Yaylali,Hoofdweg 325 H 1056 CM Amsterdam,020-6189724,
Amsterdam,Huisartsenpraktijk Zahawi,Krimpertplein 32 1104 PH Amsterdam,020-6954492,
Amsterdam,"Huisartsenpraktijk Zeeburg, Praktijk A. Honig",Insulindeweg 476 1094 MH Amsterdam,020-6652055,
Amsterdam,"Huisartsenpraktijk Zeeburg, Praktijk E. Scheeve",Insulindeweg 476 1094 MH Amsterdam,020-6659828,
Amsterdam,"Huisartsenpraktijk Zeeburg, Praktijk Verduijn",Insulindeweg 476 1094 MH Amsterdam,020-6655735,
Amsterdam,Huisartsenpraktijk Zeeburgerdijk,Sumatrastraat 100 1094 NJ Amsterdam,020-6653104,
Amsterdam,Huisartsenpraktijk Zeeburgereiland,John Blankensteinstraat 1 A 1095 MB Amsterdam,020-2334231,
Amsterdam,Huisartsenpraktijk Zoakman,Osdorper Ban 92 1068 MK Amsterdam,020-6191819,
Amsterdam,Huisartsenpraktijk Zuid Oost,Florijn 5 A 1102 BA Amsterdam,020-6951569,
Amsterdam,Huisartsenpraktijk Zwaan,Nassaukade 136 1052 EE Amsterdam,020-6180915,
Amsterdam,Huisartsenpraktijk Zwaansvliet,Zwaansvliet 5 1081 AP Amsterdam,020-6420909,
Amsterdam,Huisartspraktijk B. Jongens,Cabralstraat 2 A 1057 CG Amsterdam,020-6182187,
Amsterdam,Huisartspraktijk Bos en Lommer Dokters,Reinaert de Vosstraat 25 1055 CL Amsterdam,020-6823867,
Amsterdam,Huisartspraktijk Brouwersgracht,Brouwersgracht 56 H 1013 GX Amsterdam,020-6247751,
Amsterdam,Huisartspraktijk drs. F. Ogbuli,Kleiburg 44 B 1104 EA Amsterdam,020-6002608,
Amsterdam,Huisartspraktijk Familia,Lekstraat 1 1079 EK Amsterdam,020-6642199,
Amsterdam,Huisartspraktijk Hoppenbrouwer,Loenermark 162 164 1025 SP Amsterdam,020-4940942,
Amsterdam,Huisartspraktijk Integraal,Willemsstraat 124 1015 JE Amsterdam,020-4207755,
Amsterdam,Huisartspraktijk J. van Andel,Amsteldijk 117 Hs 1078 RR Amsterdam,020-6712730,
Amsterdam,Huisartspraktijk Java-Eiland,Azartplein 45 47 1019 PA Amsterdam,020-4190133,
Amsterdam,Huisartspraktijk Land,Scheldestraat 33 1078 GE Amsterdam,020-4421513,
Amsterdam,Huisartspraktijk Lely,Derkinderenstraat 54 1062 BJ Amsterdam,020-6151822,
Amsterdam,Huisartspraktijk M.A. Windhausen,Buikslotermeerplein 243 1025 XC Amsterdam,020-4940925,
Amsterdam,Huisartspraktijk Oude Turfmarkt,Oude Turfmarkt 151 1012 GC Amsterdam,020-5252878,
Amsterdam,Huisartspraktijk Reuvekamp,Halmaheirastraat 3 1094 RD Amsterdam,020-6654961,
Amsterdam,Huisartspraktijk Ritz,Singel 261 1012 WG Amsterdam,020-6221321,
Amsterdam,Huisartspraktijk Sterringa,Nassaukade 310 1053 LR Amsterdam,020-6184542,
Amsterdam,Huisartspraktijk van Hasselt,Courbetstraat 34 1077 ZV Amsterdam,020-6640393,
Amsterdam,Huisartspraktijk Westlandgracht,Westlandgracht 91 1058 TR Amsterdam,020-6158287,
Amsterdam,Integrale Huisartsenpraktijk West,Witte de Withstraat 11 1057 XE Amsterdam,020-3892005,
Amsterdam,Khushi Huisartsenpraktijk,Huigenbos 29 1102 KA Amsterdam,020-6964861,
Amsterdam,"Lindendokters, huisartsen",Tweede Lindendwarsstraat 5 H 1015 LH Amsterdam,020-6254294,
Amsterdam,Linnaeus Medisch Centrum,Linnaeusstraat 27 A 1093 EE Amsterdam,020-6650355,
Amsterdam,Medisch Centrum Czaar Peter,Czaar Peterstraat 8 1018 PR Amsterdam,020-6224099,
Amsterdam,Medisch Centrum De Overkant,Bijlmerdreef 161-163 1102 BP Amsterdam,020-6908244,
Amsterdam,"Medisch Centrum Koornhorst, Huisartsen",Koornhorst 28-30 1104 JA Amsterdam,020-6952436,
Amsterdam,"Medisch Centrum Mediport, Huisartsenpraktijk Nooralishahi",Hoofdweg 506 1055 AB Amsterdam,020-6848670,
Amsterdam,"Medisch Centrum Mediport, Huisartsenpraktijk S. Ouchan",Hoofdweg 506 1055 AB Amsterdam,020-6846479,
Amsterdam,"Medisch Centrum Mediport, Onze Dokters Vos &amp; Hussein",Hoofdweg 506 1055 AB Amsterdam,020-5812920,
Amsterdam,"Medisch Centrum Roelof Hart, Huisartsenpraktijk Husmann",Gerard Terborgstraat 46 1071 TP Amsterdam,020-6622522,
Amsterdam,"Medisch Centrum Roelof Hart, Huisartsenpraktijk van Raalte",Gerard Terborgstraat 46 1071 TP Amsterdam,020-6714484,
Amsterdam,"Medisch Centrum Roelof Hart, Huisartsenpraktijk Vrolijk",Gerard Terborgstraat 44 46 1071 TP Amsterdam,020-6731337,
Amsterdam,"Medisch Centrum Roelof Hart, Huisartspraktijk W.B. Vermeulen",Gerard Terborgstraat 46 1071 TP Amsterdam,,
Amsterdam,Medisch Centrum Zorg &amp; Hoop,Kruitberg 1001 1104 CA Amsterdam,020-7507257,
Amsterdam,Medisch Kwartier,Revaleiland 74 1014 ZG Amsterdam,020-6237417,
Amsterdam,Noord Huisartsen - Doets &amp; van den Dungen,Wingerdweg 28 A 1031 CA Amsterdam,020-6360413,
Amsterdam,Osdorp Dokters,Pieter Calandlaan 86 1068 NP Amsterdam,020-6192111,
Amsterdam,"Praktijk de Oostkaap, Huisartsen",Oostelijke Handelskade 140 1019 BP Amsterdam,020-4193282,
Amsterdam,"Praktijk Jonker en Koetsier, Gezondheidscentrum Waterlandplein",Beverwijkstraat 9 C 1024 VR Amsterdam,020-6360086,
Amsterdam,Praktijk Molkenboer,Klinkerweg 71 1033 PK Amsterdam,020-2015544,
Amsterdam,Praktijk Noorderlingen,Spelderholt 169 1025 BM Amsterdam,020-6366866,
Amsterdam,Prinsengrachtpraktijk,Prinsengracht 83 1015 DN Amsterdam,020-6221115,
Amsterdam,Reigersbos Medical Center,Reigersbos 100 k 1107 ES Amsterdam,020-7371426,
Amsterdam,"SAG Gezondheidscentrum Banne Buiksloot, Huisartsen",Parlevinker 7 1034 PX Amsterdam,020-6319157,
Amsterdam,"SAG Gezondheidscentrum Borgerstraat, Huisartsen",Borgerstraat 86 1053 PW Amsterdam,020-6122696,
Amsterdam,"SAG Gezondheidscentrum De Keyzer, Huisartsen",Czaar Peterstraat 4 1018 PR Amsterdam,020-6269890,
Amsterdam,"SAG Gezondheidscentrum De Vaart, Huisartsen",A. Reitsmakade 34 1060 SZ Amsterdam,020-6676666,
Amsterdam,"SAG Gezondheidscentrum Haveneiland, Huisartsen",IJburglaan 727 E 1087 CH Amsterdam,020-4165330,
Amsterdam,"SAG Gezondheidscentrum Helmersstraat, Huisartsen",Anna Spenglerstraat 101 1054 NJ Amsterdam,020-6838583,
Amsterdam,SAG Gezondheidscentrum NDSM-werf,mt. Lincolnweg 26 1033 SN Amsterdam,020-6676652,
Amsterdam,"SAG Gezondheidscentrum NDSM-werf, Huisartsen",Mt. Lincolnweg 26 1033 SN Amsterdam,020-6676652,
Amsterdam,"SAG Gezondheidscentrum Oosthoek, Huisartsen",Kramatplantsoen 101 E 1095 LB Amsterdam,020-6652681,
Amsterdam,"SAG Gezondheidscentrum Osdorp, Huisartsen",Wolbrantskerkweg 72 1069 DA Amsterdam,020-6103205,
Amsterdam,"SAG Gezondheidscentrum Osdorpplein, Huisartsen",Osdorpplein 582 1068 TB Amsterdam,020-6676602,
Amsterdam,"SAG Gezondheidscentrum Pampuslaan, Huisartsen",Pampuslaan 30 1087 LA Amsterdam,020-3987330,
Amsterdam,"SAG Gezondheidscentrum Slotermeer, Huisartsen",Burgemeester de Vlugtlaan 111 1063 BJ Amsterdam,020-6133212,
Amsterdam,"SAG Gezondheidscentrum Sportheldenbuurt, Huisartsen",Eef Kamerbeekstraat 503 1095 MP Amsterdam,020-6676690,
Amsterdam,"SAG Gezondheidscentrum Steigereiland, Huisartsen",Cornelis Zillesenlaan 2 1086 ZK Amsterdam,020-4952256,
Amsterdam,"SAG Gezondheidscentrum Staatsliedenbuurt, Huisartsen",Van Hallstraat 200 1051 HL Amsterdam,020-6840770,
Amsterdam,"SAG Gezondheidscentrum Vlaanderen, Huisartsen",Laan van Vlaanderen 466 1066 MT Amsterdam,020-6175670,
Amsterdam,"SAG Gezondheidscentrum Watergraafsmeer, Huisartsen",Van &#039;t Hofflaan 47 1097 EM Amsterdam,020-4637252,
Amsterdam,"SAG Gezondheidscentrum Zeeburg, Huisartsen",C. van Eesterenlaan 313 1019 KT Amsterdam,020-4183097,
Amsterdam,SAG huisartsenzorg Osdorpplein,Osdorpplein 582 1068 TB Amsterdam,020-6676602,
Amsterdam,"Sanitas Gezondheidscentrum Amsterdam, Huisartsen",Bos en Lommerweg 357 1061 DH Amsterdam,020-7820022,
Amsterdam,Universitaire Huisartsenpraktijk VUmc,De Boelelaan 1117 1081 HV Amsterdam,020-4441400,
Amsterdam,Vijzelgrachthuisartsen,Fokke Simonszstraat 24-26 1017 TG Amsterdam,020-2420955,
Amsterdam,Westerdokters,Westerdok 720 1013 BV Amsterdam,020-2184190,
Amsterdam,Zuidas Huisartsen,Gustav Mahlerlaan 635 B 1082 MK Amsterdam,020-2148369,
Rotterdam,010DOC,Gerdesiaweg 488 3061 RA Rotterdam,010-3118830,
Rotterdam,Cool Huisartsenzorg,Karl Weisbardstraat 361 3015 GM Rotterdam,010-4360141,
Rotterdam,Dante Huisartsen,Dantestraat 464 3076 KV Rotterdam,010-4191518,
Rotterdam,"Doktershuis Oude Noorden, Huisartsenpraktijk M. Oudenaarden",Bergweg 216 3035 BN Rotterdam,010-4661581,
Rotterdam,"Doktershuis Oude Noorden, Huisartsenpraktijk Steffens en Balvert-Locht",Bergweg 216 3035 BN Rotterdam,010-4664388,
Rotterdam,"Doktershuis Oude Noorden, M.W. Hansen, huisarts",Bergweg 216 A 3035 BN Rotterdam,010-4667548,
Rotterdam,Doktershuis Randweg C.D. Fokkens,Randweg 30 3074 BN Rotterdam,010-4191712,
Rotterdam,Doktershuis Vreewijk,Lede 12 3075 HK Rotterdam,010-4191786,
Rotterdam,"ezondheidscentrum Mathenesserlaan, Huisartsenpraktijk KMD",Mathenesserlaan 309 3021 HK Rotterdam,010-2210121,
Rotterdam,G&amp;G Huisartsen Oranjeboom,Oranjeboomstraat 132 3071 BE Rotterdam,010-2060206,
Rotterdam,"Gezondheidscentrum &#039;t Slag, Huisartsen",Sandelingplein 16 E 3075 AG Rotterdam,010-4329933,
Rotterdam,"Gezondheidscentrum Aelbrechtskade, Huisartsenpraktijk",Aelbrechtskade 82 3023 JA Rotterdam,010-3104444,
Rotterdam,"Gezondheidscentrum Afrikaanderwijk, huisartsen - onderdeel van Zovida",Maashaven Oostzijde 155 3072 HS Rotterdam,010-4854111,
Rotterdam,"Gezondheidscentrum Beverwaard, huisartsen - onderdeel van Zovida",Boxbergenstraat 11 3077 JS Rotterdam,010-4799621,
Rotterdam,"Gezondheidscentrum Bloemhof, huisartsen - onderdeel van Zovida",Oleanderplein 43 3073 JX Rotterdam,010-4854555,
Rotterdam,Gezondheidscentrum CareXL,Maashaven N.z. 65 3072 AE Rotterdam,010-4857137,
Rotterdam,"Gezondheidscentrum Charley Toorop, Huisartsen",Charley Tooropsingel 48 3059 WG Rotterdam,010-4555888,
Rotterdam,"Gezondheidscentrum DWL/De Esch, Huisartsen",Rijnwaterstraat 10 3063 HC Rotterdam,010-4526363,
Rotterdam,Gezondheidscentrum Eudokiaplein,Voorburgstraat 210 3037 BS Rotterdam,010-2152979,
Rotterdam,"Gezondheidscentrum Gordelweg, Huisartsenpraktijk Huurman",Gordelweg 115 3037 AN Rotterdam,010-4666187,
Rotterdam,Gezondheidscentrum Groene Hilledijk,Groene Hilledijk 262 B 3074 AE Rotterdam,010-4195657,
Rotterdam,"Gezondheidscentrum Katendrecht, huisartsen - onderdeel van Zovida",Wodanstraat 11 3072 EV Rotterdam,010-4864100,
Rotterdam,"Gezondheidscentrum Mathenesserlaan, Huisartsenpraktijk Niemantsverdriet, Struik &amp; Veraart",Mathenesserlaan 309 3021 HK Rotterdam,010-2210122,
Rotterdam,"Gezondheidscentrum Mathenesserlaan, Huisartsenpraktijk Van Manen en Van der Lugt",Mathenesserlaan 309 3021 HK Rotterdam,010-2210123,
Rotterdam,"Gezondheidscentrum Nesselande, huisartsen - onderdeel van Zovida",Cypruslaan 402 3059 XA Rotterdam,010-2229750,
Rotterdam,Gezondheidscentrum Nieuwe Westen,Tidemanstraat 91 3022 SG Rotterdam,010-2214000,
Rotterdam,"Gezondheidscentrum Ommoord, huisartsen - onderdeel van Zovida",Briandplaats 15 3068 JJ Rotterdam,010-2862474,
Rotterdam,Gezondheidscentrum Oost-West,Abtsweg 2 3042 GD Rotterdam,010-4157272,
Rotterdam,"Gezondheidscentrum Oosterflank, huisartsen - onderdeel van Zovida",Varnasingel 612 3067 EZ Rotterdam,010-8906100,
Rotterdam,Gezondheidscentrum Polderlaan,Polderlaan 86 3074 MH Rotterdam,010-4859545,
Rotterdam,"Gezondheidscentrum Rotterdam Noord, huisartsen - onderdeel van Zovida",Erasmusstraat 164 3035 LJ Rotterdam,010-4660486,
Rotterdam,"Gezondheidscentrum Sportdorp, Huisartsenpraktijk Bouwland en van Leeuwen",Sportsingel 11 3078 XS Rotterdam,010-2927330,
Rotterdam,"Gezondheidscentrum Sportdorp, Huisartspraktijk Verbeek-Poot",Sportsingel 11 3078 XS Rotterdam,010-4797359,
Rotterdam,"Gezondheidscentrum Wilhelminapier, huisartsen - onderdeel van Zovida",Otto Reuchlinweg 972 3072 MD Rotterdam,010-4847400,
Rotterdam,"Gezondheidscentrum Zevenkamp, Huisartsen",Aar 55 3068 HA Rotterdam,010-4551677,
Rotterdam,"Gezondheidscentrum Zuiderkroon, huisartsen - onderdeel van Zovida",Vlissingenplein 1 3086 GZ Rotterdam,010-2931404,
Rotterdam,"Gezondheidscentrum Zuidplein, huisartsen - onderdeel van Zovida",Strevelsweg 700 1 3083 AS Rotterdam,010-2908000,
Rotterdam,Huisartsen Kop van Zuid,Lodewijk Pincoffsweg 82 3071 AS Rotterdam,010-2150222,
Rotterdam,Huisartsen Laan op Zuid,Brede Hilledijk 1 3072 KA Rotterdam,010-3072002,
Rotterdam,Huisartsen Pleinwegpraktijk,Pleinweg 116 D 3083 EM Rotterdam,010-4811404,
Rotterdam,"Huisartsencentrum Kralingen, N.P. de Smalen, huisarts",Oudedijk 60 S 3062 AE Rotterdam,010-4123946,
Rotterdam,"Huisartsencentrum Kralingen, Praktijk S.B. Raja",Oudedijk 60 R 3062 AE Rotterdam,010-4123815,
Rotterdam,"Huisartsencentrum Kralingen, Praktijk Ter Stege",Oudedijk 60 P 3062 AE Rotterdam,010-4124657,
Rotterdam,Huisartsengroep Mathenesse,Mathenesserweg 179 A 3027 HS Rotterdam,010-4370315,
Rotterdam,Huisartsenpraktijk Ari,Kastanjeplein 4 B 3053 CD Rotterdam,010-4184056,
Rotterdam,Huisartsenpraktijk Baggerman en Harderwijk,Stadhoudersplein 37 3039 ER Rotterdam,010-4660888,
Rotterdam,Huisartsenpraktijk Bender,Burgemeester Baumannlaan 190 3042 AJ Rotterdam,010-4157719,
Rotterdam,Huisartsenpraktijk Bergse Bos,Van Beethovenlaan 60 3055 JD Rotterdam,010-3031800,
Rotterdam,Huisartsenpraktijk Biersteker Gijsbers,Vissersdijk 221 3011 GW Rotterdam,010-4124480,
Rotterdam,Huisartsenpraktijk Blijdorp,Statenweg 108 F 3039 JK Rotterdam,010-4664920,
Rotterdam,Huisartsenpraktijk Blaak,Blaak 24 3011 TA Rotterdam,010-4111207,
Rotterdam,Huisartsenpraktijk Boggia,Schiedamseweg 160 3025 AK Rotterdam,010-4370307,
Rotterdam,Huisartsenpraktijk Boute,Boergoensestraat 74 3082 KC Rotterdam,010-3072901,
Rotterdam,Huisartsenpraktijk Breeplein,Breeplein 5 B 3075 KC Rotterdam,010-4191592,
Rotterdam,Huisartsenpraktijk Brouwer en Van der Kallen,Lepelaarsingel 49 3083 KB Rotterdam,010-4815198,
Rotterdam,Huisartsenpraktijk Bruijns,Roerdomplaan 8 3084 NM Rotterdam,010-4812974,
Rotterdam,Huisartsenpraktijk Buckley,Schieweg 47 D 3038 AE Rotterdam,010-4663357,
Rotterdam,Huisartsenpraktijk Buitenhof,Niels Bohrplaats 9 3068 JK Rotterdam,010-4214077,
Rotterdam,Huisartsenpraktijk Cimen,Gordelweg 115 3037 AN Rotterdam,010-4660196,
Rotterdam,Huisartsenpraktijk de Groot,Minervaplein 2 3054 SK Rotterdam,010-4188500,
Rotterdam,Huisartsenpraktijk De Hofbogen,Voorburgstraat 14 3037 PM Rotterdam,010-4659050,
Rotterdam,Huisartsenpraktijk De Lis,Gordelweg 115 3037 AN Rotterdam,010-4661200,
Rotterdam,Huisartsenpraktijk De Singel,Couwaelstraat 35 3034 PB Rotterdam,010-4125312,
Rotterdam,Huisartsenpraktijk De Stadsdriehoek,Kipstraat 9-11 3011 RS Rotterdam,010-4129053,
Rotterdam,Huisartsenpraktijk Dekker en Vos,Schere 31 3085 DT Rotterdam,010-4807250,
Rotterdam,Huisartsenpraktijk Dichtbij,Sinclair Lewisplaats 512 3068 ED Rotterdam,010-4209336,
Rotterdam,Huisartsenpraktijk E.M. Ketzer en M.C. Tempelman-Biewenga,Kipstraat 13 3011 RS Rotterdam,010-4125329,
Rotterdam,Huisartsenpraktijk Esghir,Westkousdijk 151-153 3029 BX Rotterdam,010-4765101,
Rotterdam,Huisartsenpraktijk F. Poelstra,Oudedijk 299 A 3061 AL Rotterdam,010-4520330,
Rotterdam,Huisartsenpraktijk Fraaij en Terpstra,Mathenesserweg 179 A 3027 HS Rotterdam,010-4370028,
Rotterdam,Huisartsenpraktijk Fydok Prinsenland,Nancy Zeelenbergsingel 811 3065 JJ Rotterdam,010-2023966,
Rotterdam,Huisartsenpraktijk Groenenhagen,Backershagen 176 C 3078 SB Rotterdam,010-4821668,
Rotterdam,Huisartsenpraktijk Ham-Korving,Sinclair Lewisplaats 512 3068 ED Rotterdam,010-4552121,
Rotterdam,Huisartsenpraktijk Hildegard,Minervaplein 2 B 3054 SK Rotterdam,010-4225849,
Rotterdam,Huisartsenpraktijk Hillegersberg,Bergse Linker Rottekade 294 B 3056 LJ Rotterdam,010-3031290,
Rotterdam,Huisartsenpraktijk Hillesluis,Hilledijk 190 B 3074 GA Rotterdam,010-7634911,
Rotterdam,Huisartsenpraktijk Hoeven,Graaf Florisstraat 85 3021 CD Rotterdam,010-4774895,
Rotterdam,Huisartsenpraktijk Hohmann en de Vet,Weteringstraat 227 3061 PN Rotterdam,010-4527792,
Rotterdam,Huisartsenpraktijk Hol en Pameijer,Mathenesserdijk 491 3026 GK Rotterdam,010-4762800,
Rotterdam,Huisartsenpraktijk Houterman &amp; Gabriëls,Burgemeester Baumannlaan 190 3042 AJ Rotterdam,010-4624566,
Rotterdam,Huisartsenpraktijk Hussain,Schere 31 3085 DT Rotterdam,010-4809070,
Rotterdam,Huisartsenpraktijk IJsselmonde,Grote Hagen 98 3078 RC Rotterdam,010-3106282,
Rotterdam,Huisartsenpraktijk J.A. de Schepper,Statenweg 205 3039 HP Rotterdam,010-4664290,
Rotterdam,Huisartsenpraktijk J.A. Kanhai,Mathenesserlaan 286 3021 HV Rotterdam,010-4781898,
Rotterdam,Huisartsenpraktijk J.P. Smit-Smouter en S.J.M. van der Wereld,Langegeer 107 3075 JE Rotterdam,010-4190287,
Rotterdam,Huisartsenpraktijk Jainandunsing,Boeierstraat 3 3028 XA Rotterdam,010-4151093,
Rotterdam,Huisartsenpraktijk Jansen,Rosestraat 123 3071 JP Rotterdam,010-4855955,
Rotterdam,Huisartsenpraktijk Karstel,Graaf Florisstraat 85 3021 CD Rotterdam,010-4774895,
Rotterdam,Huisartsenpraktijk Keizerswaard,Oldenhagen 58 3078 BX Rotterdam,010-4824206,
Rotterdam,Huisartsenpraktijk KMD,Mathenesserlaan 309 3021 HK Rotterdam,010-2210121,
Rotterdam,"Huisartsenpraktijk Koopman, Hodes en van Schaik",Gordelweg 115 3037 AN Rotterdam,010-4661200,
Rotterdam,Huisartsenpraktijk Lander,Nancy Zeelenbergsingel 811 3065 JJ Rotterdam,010-4473134,
Rotterdam,Huisartsenpraktijk M. Stoque,Hoofdweg 328 3067 GK Rotterdam,010-4554545,
Rotterdam,Huisartsenpraktijk M.K. Briedjlal,Zenostraat 125 3076 AT Rotterdam,010-4192439,
Rotterdam,Huisartsenpraktijk Medicx,Cornelis Bloemaertsingel 6 3067 NG Rotterdam,010-4211567,
Rotterdam,Huisartsenpraktijk Mw. N.M. Ferguson,Boergoensestraat 70 3082 KC Rotterdam,010-4291294,
Rotterdam,Huisartsenpraktijk N.A. Neshat Rotterdam-Alexander,Van Bassenstraat 2 3067 XD Rotterdam,010-4200439,
Rotterdam,Huisartsenpraktijk Nusteling,Boergoensestraat 72 3082 KC Rotterdam,010-4290919,
Rotterdam,Huisartsenpraktijk Odedokter,Kerstendijk 155 A 3079 EW Rotterdam,010-4835578,
Rotterdam,Huisartsenpraktijk Oudeman,&#039;s-Gravendijkwal 24 3014 EB Rotterdam,010-4362243,
Rotterdam,Huisartsenpraktijk Overbeeke,Stadhoudersplein 37 3039 ER Rotterdam,010-4677488,
Rotterdam,Huisartsenpraktijk Overschie,Rotterdamse Rijweg 130 3042 AS Rotterdam,010-4157512,
Rotterdam,Huisartsenpraktijk Pennings,Prins Frederik Hendrikstraat 1 A 3051 EM Rotterdam,010-4225146,
Rotterdam,Huisartsenpraktijk Professional Medical Care (PMC),Molièreweg 45 3076 GB Rotterdam,,
Rotterdam,Huisartsenpraktijk Ritter en Kuipers,Bergweg 310 3032 BB Rotterdam,010-4651062,
Rotterdam,Huisartsenpraktijk Roffa,Zuidhoek 142 3082 PP Rotterdam,010-8507612,
Rotterdam,Huisartsenpraktijk Rotterdam Oost,Henk Speksnijderstraat 10 3067 AC Rotterdam,010-4206497,
Rotterdam,Huisartsenpraktijk Schalkwijk Rotterdam,Ganzerikplein 50 3053 EA Rotterdam,010-4185999,
Rotterdam,Huisartsenpraktijk Schelmeroord,Schelmeroord 54 3079 LX Rotterdam,010-4822912,
Rotterdam,Huisartsenpraktijk Schenk,Oudedijk 60 S 3062 AE Rotterdam,010-4527878,
Rotterdam,Huisartsenpraktijk Sina,Nederhorst 75 3085 VT Rotterdam,010-4810830,
Rotterdam,"Huisartsenpraktijk Sint-Mariastraat, Praktijk Dam-Weststrate",Sint-Mariastraat 75 3014 SH Rotterdam,010-4361975,
Rotterdam,"Huisartsenpraktijk Sint-Mariastraat, Praktijk De Jong",Sint-Mariastraat 75 3014 SH Rotterdam,010-4367770,
Rotterdam,"Huisartsenpraktijk Sint-Mariastraat, Praktijk Hipke",Sint-Mariastraat 75 3014 SH Rotterdam,010-4363265,
Rotterdam,"Huisartsenpraktijk Sint-Mariastraat, Praktijk Korenhof-Carolina",Sint-Mariastraat 75 3014 SH Rotterdam,010-4369241,
Rotterdam,"Huisartsenpraktijk Sint-Mariastraat, Praktijk Visser",Sint-Mariastraat 75 3014 SH Rotterdam,010-4365530,
Rotterdam,Huisartsenpraktijk Speeks,Lepelaarsingel 49 3083 KB Rotterdam,010-4103777,
Rotterdam,Huisartsenpraktijk Straatweg,Straatweg 57 A 3051 BD Rotterdam,010-4225456,
Rotterdam,Huisartsenpraktijk Tarwezigt – onderdeel van Zovida,Strevelsweg 700 3083 AS Rotterdam,010-2004101,
Rotterdam,Huisartsenpraktijk Terlaak &amp; Timmers,Lepelaarsingel 49 3083 KB Rotterdam,010-4103900,
Rotterdam,Huisartsenpraktijk Tussendijken,Mathenesserdijk 491 3026 GK Rotterdam,010-4763822,
Rotterdam,Huisartsenpraktijk van der Vlist en de Wilde,Burgemeester Baumannlaan 190 3042 AJ Rotterdam,010-4373012,
Rotterdam,Huisartsenpraktijk van Leenen,Minervaplein 2 B 3054 SK Rotterdam,010-4188500,
Rotterdam,Huisartsenpraktijk Van Schaik en Byrman,Admiraal de Ruyterweg 10 A 3031 AB Rotterdam,010-4136000,
Rotterdam,Huisartsenpraktijk van Winkel,Oudedijk 60 T 3062 AE Rotterdam,010-4121320,
Rotterdam,Huisartsenpraktijk Verlaan,Minervaplein 2 3054 SK Rotterdam,010-4181334,
Rotterdam,Huisartsenpraktijk Vermaat Baarda,Slaghekstraat 251 A 3074 LJ Rotterdam,,
Rotterdam,Huisartsenpraktijk Vogels,Heemraadssingel 246 A 3021 DP Rotterdam,010-4761687,
Rotterdam,Huisartsenpraktijk Wijnhaven,Wijnhaven 24 3011 WR Rotterdam,010,
Rotterdam,Huisartsenpraktijk Zijpe,Zijpe 4 3086 HZ Rotterdam,010-4805171,
Rotterdam,Huisartsenpraktijk Zoomers,Minervaplein 2 B 3054 SK Rotterdam,010-4182694,
Rotterdam,Huisartsenpraktijk Zorgpunt Lombardijen,Schopenhauerweg 72 3076 DT Rotterdam,010-4190989,
Rotterdam,Huisartsenteam van der Poel,"1e Middellandstraat 105 C, 2e verdieping 3021 BD Rotterdam",010-4772186,
Rotterdam,HuisartsKloppenborg,Noordeinde 97 D 3061 EM Rotterdam,010-4526801,
Rotterdam,Huisartspraktijk Baar-Poort en Van der Does,Noordeinde 97 B 3061 EM Rotterdam,010-4122430,
Rotterdam,Huisartspraktijk CEntric Health / van Zwieteren,Schelmeroord 14 3079 LW Rotterdam,010-4821710,
Rotterdam,Huisartspraktijk Dr. Surie,Rusthoflaan 64 3034 XM Rotterdam,010-4136707,
Rotterdam,Huisartspraktijk E.M. Herman,Minervaplein 2 B 3054 SK Rotterdam,010-4185560,
Rotterdam,Huisartspraktijk Elings,Struitenweg 11 3082 WP Rotterdam,010-4290283,
Rotterdam,Huisartspraktijk Kotey,Heemraadssingel 183 B 3023 CB Rotterdam,010-4765889,
Rotterdam,Huisartspraktijk Mozaïek,Slaghekstraat 251 3074 LJ Rotterdam,010-4859856,
Rotterdam,Huisartspraktijk Nüssler,Boeierstraat 3 3028 XA Rotterdam,010-4153851,
Rotterdam,Huisartspraktijk R.W.M. Hooijen,Heemraadssingel 246 A 3021 DP Rotterdam,010-4761687,
Rotterdam,Huisartspraktijk Roerdomplaan,Roerdomplaan 8 3084 NM Rotterdam,010-4814013,
Rotterdam,Huisartspraktijk Scheepvaartkwartier,Willemsplein 571 3016 DR Rotterdam,010-2411100,
Rotterdam,Huisartspraktijk Stam,Schiedamseweg 160 3025 AK Rotterdam,010-4155847,
Rotterdam,Huisartspraktijk Van der Stelt,Crooswijksesingel 13 B 3034 CG Rotterdam,010-4120620,
Rotterdam,Huisartspraktijk van Eck,Kleiweg 193 3051 XH Rotterdam,010-4181906,
Rotterdam,Huisartspraktijk van Soerland,Hoofdweg 174 3067 GJ Rotterdam,010-4200938,
Rotterdam,Huisartspraktijk Verweijen,Bergweg 253 3037 EL Rotterdam,010-4667651,
Rotterdam,Huisartspraktijk Vuijk,Minervaplein 2 B 3054 SK Rotterdam,010-4225353,
Rotterdam,"Huisartspraktijk Özveren, locatie Crooswijk/Noord",Jonker Fransstraat 30 3031 AV Rotterdam,010-7606040,
Rotterdam,"Huisartspraktijk Özveren, locatie Rotterdam West",P.C. Hooftplein 45 3027 AW Rotterdam,010-4370024,
Rotterdam,"Jans Huisartsen, locatie Rotterdam Centrum",Vasteland 22 3011 BL Rotterdam,010-3188100,
Rotterdam,"Jans Huisartsen, locatie Rotterdam Kralingen",Struisenburgstraat 46 3063 BR Rotterdam,010-3116010,
Rotterdam,"Jans Huisartsen, locatie Rotterdam Zuidplein",Dynamostraat 18 3e verdi 3083 AK Rotterdam,010-3188100,
Rotterdam,Medisch Centrum Delfshaven,Mathenesserlaan 500 3023 HL Rotterdam,010-4771976,
Rotterdam,Medisch Centrum Mullerpier,Sint-Jobskade 6 3024 EN Rotterdam,010-4761982,
Rotterdam,Medisch Centrum Sandelingplein,Sandelingplein 16 E 3075 AG Rotterdam,010-7603770,
Rotterdam,"Medisch Centrum Schiebroek, Huisartsenpraktijk den Boer en Bautz",Kastanjeplein 4 B 3053 CD Rotterdam,010-4189222,
Rotterdam,"Medisch Centrum Schiebroek, Huisartsenpraktijk van Iperen",Kastanjeplein 4 B 3053 CD Rotterdam,010-4184056,
Rotterdam,"Medisch Centum Schiebroek, Huisartsenpraktijk Busser",Kastanjeplein 4 B 3053 CD Rotterdam,010-4180880,
Rotterdam,Maasdokters,Karl Weisbardstraat 181 3015 GM Rotterdam,010-8080560,
Rotterdam,"Sanitas Gezondheidscentrum Rotterdam, Huisartsen Dorpsweg",Dorpsweg 35 3082 LB Rotterdam,010-2940595,
Rotterdam,"Sanitas Gezondheidscentrum Rotterdam, Huisartsen Mathenesserlaan",Mathenesserlaan 540 3023 HL Rotterdam,010-8202211,
Rotterdam,Sanitas Huisartsen,Aelbrechtskade 82 3023 JA Rotterdam,010-3104444,
Rotterdam,Therapeuticum Helianth,Blondeelstraat 15 3067 VA Rotterdam,010-4201701,
Rotterdam,Wijkpraktijk Huisartsen Crooswijk,Paradijslaan 48 3034 SN Rotterdam,010-4045511,
Groningen,Academische Huisartsenpraktijk Groningen,Oostersingel 47 9713 EX Groningen,050-3615020,
Groningen,De Hunzepraktijk,Van Eesterenlaan 13 9731 MZ Groningen,050-5417115,
Groningen,De Stadshuisarts,Gedempte Zuiderdiep 40 9711 HJ Groningen,050-3139630,
Groningen,Gezondheidscentrum Arts en Zorg Hoendiep,Hoendiep 1 9718 TA Groningen,050-3192833,
Groningen,Huisartsen Beyum,Emingaheerd 10 9736 GA Groningen,050-5415200,
Groningen,Huisartsen Boterdiep,Bloemsingel 269 9714 DX Groningen,050-5773311,
Groningen,Huisartsen De Held,De Held 117 9745 DH Groningen,050-5772060,
Groningen,"Huisartsen De Vuursteen, huisartsen Berghuis Croon en Zhou",Goudlaan 289 9743 CH Groningen,050-5717500,
Groningen,"Huisartsen De Vuursteen, huisartsen Honderd Engelsman en Zandvliet",Goudlaan 289 9743 CH Groningen,050-5779977,
Groningen,"Huisartsen Helperplein, Praktijk Bruggers en Heineman",Helperplein 19 9721 CX Groningen,050-5252562,
Groningen,"Huisartsen Helperplein, Praktijk Gietema en Teunissen",Helperplein 19 C 9721 CX Groningen,050-5252708,
Groningen,"Huisartsen Helperplein, Praktijk Ter Borg",Helperplein 19 9721 CX Groningen,050-5264879,
Groningen,"Huisartsen Helperplein, Praktijk Versteegen",Helperplein 19 D 9721 CX Groningen,050-5272790,
Groningen,Huisartsen Ossenmarkt,Ossenmarkt 1 9712 NZ Groningen,050-5892369,
Groningen,Huisartsen Reitdiephaven,Wadwerd 1 B 9746 DC Groningen,,
Groningen,Huisartsen Zonnelaan,Zonnelaan 26 9742 BL Groningen,050-5775722,
Groningen,Huisartsenpraktijk A.J. van Verseveld,H.A. Kooijkerplein 4-3 9713 GV Groningen,050-3133611,
Groningen,Huisartsenpraktijk Boddeus en Steenbergen,De Ploeglaan 31 9744 AW Groningen,050-5565957,
Groningen,Huisartsenpraktijk Boteringestraat R. Boersma,Nieuwe Boteringestraat 1 1A 9712 PD Groningen,050-3125432,
Groningen,Huisartsenpraktijk C. D. Bijholt en R. van Wissen,H.A. Kooijkerplein 4- 4 9713 GV Groningen,050-3119483,
Groningen,Huisartsenpraktijk D. Soeters,Nieuwe Boteringestraat 1 1A 9712 PD Groningen,050-3123412,
Groningen,Huisartsenpraktijk De Capella,Capellastraat 3 9742 LJ Groningen,050-5774000,
Groningen,Huisartsenpraktijk de Vecht,Vechtstraat 80 9725 CW Groningen,050-5259499,
Groningen,Huisartsenpraktijk Filius,Griffeweg 1-3 9724 GE Groningen,050-3128739,
Groningen,Huisartsenpraktijk Groningen,Coehoornsingel 115 9711 BR Groningen,050-3127315,
Groningen,Huisartsenpraktijk H. van de Riet,Floresplein 30 9715 HL Groningen,050-5730686,
Groningen,Huisartsenpraktijk Hage,Johan Dijkstralaan 3 9744 DA Groningen,050-3176510,
Groningen,Huisartsenpraktijk Hoeks en Levens,Rivierenhof 22 9725 HA Groningen,050-3123031,
Groningen,Huisartsenpraktijk Hoornsemeer,Schaaksport 132 9728 PG Groningen,050-5276700,
Groningen,Huisartsenpraktijk Kooijkerplein,H.A. Kooijkerplein 4 9713 GV Groningen,050-3133611,
Groningen,Huisartsenpraktijk Lelij en Termaat,Gerbrand Bakkerstraat 125 B 9713 HH Groningen,050-3129216,
Groningen,Huisartsenpraktijk Lewenborg,Kajuit 438 9733 CZ Groningen,050-5412000,
Groningen,Huisartsenpraktijk Maarsingh,Sportlaan 2-2 9728 PH Groningen,050-5250310,
Groningen,Huisartsenpraktijk N. Wichers,Ripperdalaan 7 9713 SG Groningen,050-3120618,
Groningen,Huisartsenpraktijk Noorderhaven,Noorderhaven 32 9712 VK Groningen,050-3124052,
Groningen,Huisartsenpraktijk Oosterpark,Gerbrand Bakkerstraat 125 9713 HH Groningen,050-3129216,
Groningen,Huisartsenpraktijk Oosterpoort,Meeuwerderweg 4 9724 ET Groningen,050-3128216,
Groningen,Huisartsenpraktijk Paterswoldseweg,Paterswoldseweg 274 9727 BT Groningen,050-5264335,
Groningen,Huisartsenpraktijk Radesingel,Radesingel 6 9711 EJ Groningen,050-3127228,
Groningen,Huisartsenpraktijk Rivierenbuurt,Rivierenhof 22 9725 HA Groningen,050-3123031,
Groningen,Huisartsenpraktijk Smith,Johan Dijkstralaan 3 9744 DA Groningen,050-3657575,
Groningen,Huisartsenpraktijk ten Kate,Beukenlaan 162 9741 HM Groningen,,
Groningen,Huisartsenpraktijk Van der Vegt en Strikwerda,Gerbrand Bakkerstraat 125 A 9713 HH Groningen,050-3129318,
Groningen,Huisartsenteam Lanting en Jans,Beukenlaan 164 9741 HM Groningen,050-5730483,
Groningen,Huisartspraktijk Andeweg,Eikenlaan 257 9741 EZ Groningen,050-5733101,
Groningen,Huisartspraktijk Van Willigen,Radesingel 20 9711 EK Groningen,050-3127228,
Groningen,Medisch Centrum Helperpark,Helperpark 258 N 9723 ZA Groningen,050-2003333,
Groningen,Studentarts,Zernikeplein 17 9747A 17 9747 AS Groningen,050-2110911,
Groningen,"Studentarts, locatie Hanzeplein/UMCG",Hanzeplein 121 9713 GW Groningen,050-2110911,
Groningen,"Studentarts, locatie Noorderhaven",Noorderhaven 32 9712 VK Groningen,050-2110911,
Groningen,"Studentarts, locatie Zernike",Zernikeplein 17 9747 AS Groningen,050-2110911,
Tilburg,"Gezondheidscentrum Reeshof, Huisartsenpraktijk Rodenburg / Lodewijkx",Dubbeldamstraat 8 5043 GM Tilburg,013-5700124,
Tilburg,"Gezondheidscentrum Reeshof, Huisartsenpraktijk Stokmans, Hendriks en Hoefnagels",Dubbeldamstraat 10 5043 GM Tilburg,013-5700300,
Tilburg,"Gezondheidscentrum West, Tilburg",Postelse Hoeflaan 350 5042 KS Tilburg,013-4670393,
Tilburg,Groot Huisartsenzorg,Groeseindstraat 64 5014 LX Tilburg,013-5454807,
Tilburg,Horus Huisartsenzorg,Lage Witsiebaan 39 5042 DG Tilburg,013-4673467,
Tilburg,"Huisartsen Conservatoriumlaan, Praktijk Burgers",Conservatoriumlaan 60 5037 DT Tilburg,06-16925370,
Tilburg,"Huisartsen Conservatoriumlaan, Praktijk Hekking",Conservatoriumlaan 60 5037 DT Tilburg,013-4681353,
Tilburg,"Huisartsen Conservatoriumlaan, Praktijk Mees",Conservatoriumlaan 60 5037 DT Tilburg,013-4686868,
Tilburg,"Huisartsen Conservatoriumlaan, Praktijk Wijffels",Conservatoriumlaan 60 5037 DT Tilburg,013-4670784,
Tilburg,Huisartsen Piushaven Huisartspraktijk N.P. Woudenberg,Prinsenhoeven 22 5017 GC Tilburg,013-5423893,
Tilburg,"Huisartsen Piushaven, Huisartsenpraktijk Brands en Lathouwers",Prinsenhoeven 22 5017 GC Tilburg,013-5423734,
Tilburg,"Huisartsen Piushaven, Huisartsenpraktijk Cools",Prinsenhoeven 22 5017 GC Tilburg,013-5420595,
Tilburg,"Huisartsen Piushaven, Huisartsenpraktijk J.A. van Veen",Prinsenhoeven 22 5017 GC Tilburg,013-5420474,
Tilburg,"Huisartsen Piushaven, Huisartsenpraktijk van Dam",Prinsenhoeven 22 5017 GC Tilburg,013-5423662,
Tilburg,"Huisartsen Spoorlaan, huisarts Lövenich",Spoorlaan 374 5038 CD Tilburg,013-5812281,
Tilburg,Huisartsenpraktijk Arts en Zorg Tilburg,Cornelstraat 1 5037 EZ Tilburg,070-7112421,
Tilburg,Huisartsenpraktijk Atillaoglu-Tjon A Tham,Westerpark 128 5042 MK Tilburg,013-4674420,
Tilburg,Huisartsenpraktijk Baden Powelllaan,Baden Powelllaan 112 5044 LC Tilburg,013-4672639,
Tilburg,Huisartsenpraktijk Beethoven,Beethovenlaan 334 5011 LN Tilburg,013-4551416,
Tilburg,Huisartsenpraktijk Binnenstad,Spoorlaan 366 5038 CD Tilburg,013-5423225,
Tilburg,Huisartsenpraktijk Bozdag,Franz Lisztstraat 8 5011 RC Tilburg,013-4550572,
Tilburg,Huisartsenpraktijk Cals,Hoefstraat 191 193 5014 NK Tilburg,013-5420212,
Tilburg,Huisartsenpraktijk Dalem,Spaarnwoudelaan 51 5035 HP Tilburg,013-5720146,
Tilburg,Huisartsenpraktijk de Compositie,Schubertstraat 796 B 5011 CW Tilburg,013-4562922,
Tilburg,Huisartsenpraktijk de Kort-de Bont &amp; Lindhout-Jansen,Beeklaan 107 B 5032 AD Tilburg,013-4630809,
Tilburg,Huisartsenpraktijk de Nijs &amp; van Heugten,Besterdring 19 5014 HG Tilburg,013-2083898,
Tilburg,Huisartsenpraktijk doccs Tilburg de Toren,Professor Verbernelaan 37 5037 AD Tilburg,013-2070448,
Tilburg,Huisartsenpraktijk Groenstraat,Groenstraat 106 B 5021 EN Tilburg,013-5423812,
Tilburg,Huisartsenpraktijk Ingang Zuid,Pater van den Elsenplein 90 5022 EH Tilburg,013-5453627,
Tilburg,Huisartsenpraktijk Keulemans en Geelen,Ketelhavenplein 3 5045 NE Tilburg,013-5455999,
Tilburg,Huisartsenpraktijk Koolhoven,Vlijmenstraat 3 5036 SV Tilburg,013-5700020,
Tilburg,Huisartsenpraktijk Kuijpers en Fransen,Korvelplein 184 F 5025 JX Tilburg,013-5420505,
Tilburg,Huisartsenpraktijk Noord,Franz Lisztstraat 6 A 5011 RC Tilburg,013-4552711,
Tilburg,Huisartsenpraktijk Noordhoekring,Noordhoekring 400 5038 GH Tilburg,013-5369189,
Tilburg,Huisartsenpraktijk Noordveld,Burgemeester Damsstraat 88 5037 NS Tilburg,013-4672275,
Tilburg,Huisartsenpraktijk Poyraz,Spoorlaan 338 5038 CC Tilburg,013-5422722,
Tilburg,Huisartsenpraktijk Schoubroeck en Rovers,Korvelplein 10 5025 JN Tilburg,013-5359595,
Tilburg,Huisartsenpraktijk Stokhasselt,Scarlattistraat 8 5049 GB Tilburg,013-5425949,
Tilburg,Huisartsenpraktijk Tilburg-West,Thomas van Aquinostraat 41 5042 HA Tilburg,013-4682984,
Tilburg,Huisartsenpraktijk Tuindorp Tilburg,Luijksgestelstraat 13 5045 XG Tilburg,013-5711400,
Tilburg,Huisartsenpraktijk Wedemeijer,Hoefstraat 242 5014 NR Tilburg,013-5420724,
Tilburg,Huisartsenpraktijk Zorgvlied,Burgemeester Damsstraat 82 5037 NS Tilburg,013-4670291,
Tilburg,Huisartspraktijk Angenent,Hoflaan 3 5044 HA Tilburg,013-4672104,
Tilburg,Huisartspraktijk Backx,Beeklaan 107 A 5032 AD Tilburg,013-4676298,
Tilburg,Huisartspraktijk Korvel,Korvelplein 190 A 5025 JX Tilburg,013-4686333,
Tilburg,Huisartspraktijk Langenhuizen,Korvelplein 184 5025 JX Tilburg,013-4683183,
Tilburg,Huisartspraktijk Loncin,Kruisvaardersstraat 32 G 5021 BE Tilburg,013-5424982,
Tilburg,Huisdok,Umberstraat 12 5044 JJ Tilburg,013-2224466,
Tilburg,"Medisch Centrum Oud-Noord, Huisartsenpraktijk Broeders",Energieplein 52 5041 NH Tilburg,013-5420070,
Tilburg,"Medisch Centrum Oud-Noord, Huisartsenpraktijk Schuurmans",Energieplein 52 5041 NH Tilburg,013-5422677,
Tilburg,"Medisch Centrum Oud-Noord, Huisartsenpraktijk van Eersel en Vingerhoets",Energieplein 52 5041 NH Tilburg,013-5425421,
Tilburg,"Medisch Centrum Oud-Noord, Huisartsenpraktijk Van Haaren",Energieplein 52 5041 NH Tilburg,013-5422401,
Tilburg,Mols huisartsenpraktijk,Hasseltstraat 123 5046 LJ Tilburg,013-5420646,
Tilburg,Perron 1 Huisartsen,Spoorlaan 374 5038 CD Tilburg,013-5810065,
Alphen aan den Rijn,Alviva Huisartsenpraktijk,Henry Dunantweg 40 2402 NR Alphen aan den Rijn,0172-438635,
Alphen aan den Rijn,"Bospark Huisartsen, Praktijk van Rijn",Magnoliastraat 42 2404 VT Alphen aan den Rijn,0172-472858,
Alphen aan den Rijn,"Bospark Huisartsen, Praktijk Vletter",Magnoliastraat 42 2404 VT Alphen aan den Rijn,0172-425640,
Alphen aan den Rijn,Huisarts De Ster,Sterrenlaan 110 a 2402 BA Alphen aan den Rijn,017-2249001,
Alphen aan den Rijn,"Huisartsen Het Centrum, Praktijk Kamaran Saeed",Toussaintstraat 47 A 2406 XN Alphen aan den Rijn,0172-472072,
Alphen aan den Rijn,"Huisartsen Het Centrum, Praktijk Leddy",Toussaintstraat 47 A 2406 XN Alphen aan den Rijn,0172-473264,
Alphen aan den Rijn,"Huisartsen Het Centrum, Praktijk Ploegmakers en Hagen",Toussaintstraat 47 A 2406 XN Alphen aan den Rijn,0172-476677,
Alphen aan den Rijn,Huisartsenpraktijk Gezondheidscentrum Dillenburg,Prinses Irenelaan 1 D 2404 BH Alphen aan den Rijn,0172-447922,
Alphen aan den Rijn,Huisartsenpraktijk Het Ambacht,Mandenvlechter 10 B 2401 JJ Alphen aan den Rijn,0172-438635,
Alphen aan den Rijn,Huisartsenpraktijk Lupine,Lupinesingel 85 2403 CM Alphen aan den Rijn,0172-235970,
Alphen aan den Rijn,Huisartsenpraktijk MedZorg,Lemelerberg 1 2402 ZN Alphen aan den Rijn,0172-251111,
Alphen aan den Rijn,Huisartsenpraktijk Prelude,Preludeweg 538 A 2402 HR Alphen aan den Rijn,0172-236300,
Alphen aan den Rijn,Huisartsenpraktijk Rop Borst,Zuiderkeerkring 448 2408 RA Alphen aan den Rijn,0172-477935,
Alphen aan den Rijn,Huisartsenpraktijk Saffier,Saffierstraat 129 2403 XP Alphen aan den Rijn,0172-445610,
Alphen aan den Rijn,Huisartsenpraktijk Sparreboom,Dotterbloem 5 2408 LA Alphen aan den Rijn,0172-475545,
Alphen aan den Rijn,Huisartsenpraktijk Zaal &amp; Westdijk,Magnoliastraat 42 2404 VT Alphen aan den Rijn,0172-425640,
Alphen aan den Rijn,Huisartspraktijk Poortvliet,Dotterbloem 7 2408 LA Alphen aan den Rijn,0172-653776,
